{"train loss": 1.8068087218237705, "train acc": 33.63857581967213, "train_f1_macro": 0.19641654766971342, "_runtime": 87, "_timestamp": 1638689880, "_step": 1, "val loss": 110.34383187642912, "val acc": 12.109000191901746, "val_f1_macro": 0.07124881407580971, "_wandb": {"runtime": 93}}